{"episode": [1000, 2000, 3000, 4000, 5000, 6000, 7000, 8000, 9000, 10000, 11000, 12000, 13000, 14000, 15000, 16000, 17000, 18000, 19000, 20000, 21000, 22000, 23000, 24000, 25000, 26000, 27000, 28000, 29000, 30000, 31000, 32000, 33000, 34000, 35000, 36000, 37000, 38000, 39000, 40000, 41000, 42000, 43000, 44000, 45000, 46000, 47000, 48000, 49000, 50000], "win_rate": [0.14, 0.18, 0.18, 0.17, 0.19, 0.21, 0.24, 0.23, 0.23, 0.29, 0.3, 0.3, 0.32, 0.31, 0.35, 0.36, 0.42, 0.42, 0.43, 0.47, 0.47, 0.54, 0.54, 0.57, 0.65, 0.64, 0.7, 0.69, 0.7, 0.69, 0.7, 0.73, 0.68, 0.7, 0.68, 0.68, 0.71, 0.7, 0.73, 0.68, 0.68, 0.71, 0.71, 0.71, 0.69, 0.72, 0.71, 0.74, 0.71, 0.72], "m_progress": [0.0, 1.0, 1.0, 1.0, 1.0, 1.0, 1.0, 1.0, 1.0, 1.0, 1.0, 1.0, 1.0, 1.0, 1.0, 1.0, 1.0, 1.0, 1.0, 1.0, 1.0, 1.0, 1.0, 2.0, 2.0, 2.0, 2.0, 2.0, 2.0, 2.0, 2.0, 2.0, 2.0, 2.0, 2.0, 2.0, 2.0, 2.0, 2.0, 2.0, 2.0, 2.0, 2.0, 2.0, 2.0, 2.0, 2.0, 2.0, 2.0, 2.0], "m_reward": [-1.3, -1.3, -1.3, -1.3, -1.3, -1.3, -1.3, -1.3, -1.3, -1.3, -1.3, -1.3, -1.3, -1.3, -1.3, -1.0, -1.0, -1.0, -1.0, -1.0, -1.0, -0.5, -0.65, -0.2, 0.0, -0.1, 0.0, 0.0, 0.0, 0.0, 0.0, 0.0, 0.0, 0.0, 0.0, 0.0, 0.0, 0.0, 0.0, 0.0, 0.0, 0.0, 0.0, 0.0, 0.0, 0.0, 0.0, 0.0, 0.0, 0.0], "m_moves": [3.0, 3.0, 3.0, 3.0, 3.0, 3.0, 3.0, 3.0, 3.0, 3.0, 3.0, 3.0, 3.0, 3.5, 3.0, 3.0, 4.0, 3.5, 3.0, 4.0, 4.0, 4.0, 4.0, 4.0, 4.0, 5.0, 5.0, 5.0, 5.0, 5.0, 5.0, 5.0, 5.0, 5.0, 5.0, 5.0, 5.0, 5.0, 5.0, 5.0, 5.0, 5.0, 5.0, 5.0, 5.0, 5.0, 5.0, 5.0, 5.0, 5.0], "epsilon": [0.960038113524565, 0.9200365254610665, 0.880034937397568, 0.8400333493340695, 0.800031761270571, 0.7600301732070724, 0.7200285851435739, 0.6800269970800754, 0.6400254090165769, 0.6000238209530784, 0.5600222328895799, 0.5200206448260813, 0.48001905676258283, 0.4400174686990843, 0.4000158806355858, 0.3600142925720873, 0.32001270450858876, 0.28001111644509025, 0.2400095283815848, 0.20000794031805852, 0.16000635225453225, 0.12000476419100597, 0.0800031761274797, 0.04000158806395734, 4.353232184450828e-13, -4.000158762819933e-05, -4.000158762819933e-05, -4.000158762819933e-05, -4.000158762819933e-05, -4.000158762819933e-05, -4.000158762819933e-05, -4.000158762819933e-05, -4.000158762819933e-05, -4.000158762819933e-05, -4.000158762819933e-05, -4.000158762819933e-05, -4.000158762819933e-05, -4.000158762819933e-05, -4.000158762819933e-05, -4.000158762819933e-05, -4.000158762819933e-05, -4.000158762819933e-05, -4.000158762819933e-05, -4.000158762819933e-05, -4.000158762819933e-05, -4.000158762819933e-05, -4.000158762819933e-05, -4.000158762819933e-05, -4.000158762819933e-05, -4.000158762819933e-05]}